{
  "hash": "40d505a8",
  "configHash": "177e7e1a",
  "lockfileHash": "6366a44b",
  "browserHash": "63a6a12f",
  "optimized": {
    "@angular/common": {
      "src": "../../../../../../node_modules/@angular/common/fesm2022/common.mjs",
      "file": "@angular_common.js",
      "fileHash": "18137334",
      "needsInterop": false
    },
    "@angular/common/http": {
      "src": "../../../../../../node_modules/@angular/common/fesm2022/http.mjs",
      "file": "@angular_common_http.js",
      "fileHash": "54e92150",
      "needsInterop": false
    },
    "@angular/core": {
      "src": "../../../../../../node_modules/@angular/core/fesm2022/core.mjs",
      "file": "@angular_core.js",
      "fileHash": "a0fabed9",
      "needsInterop": false
    },
    "@angular/forms": {
      "src": "../../../../../../node_modules/@angular/forms/fesm2022/forms.mjs",
      "file": "@angular_forms.js",
      "fileHash": "42126885",
      "needsInterop": false
    },
    "@angular/platform-browser": {
      "src": "../../../../../../node_modules/@angular/platform-browser/fesm2022/platform-browser.mjs",
      "file": "@angular_platform-browser.js",
      "fileHash": "07646cc6",
      "needsInterop": false
    },
    "@angular/platform-server": {
      "src": "../../../../../../node_modules/@angular/platform-server/fesm2022/platform-server.mjs",
      "file": "@angular_platform-server.js",
      "fileHash": "ccddfd2b",
      "needsInterop": false
    },
    "@angular/router": {
      "src": "../../../../../../node_modules/@angular/router/fesm2022/router.mjs",
      "file": "@angular_router.js",
      "fileHash": "4dd8dd11",
      "needsInterop": false
    },
    "@angular/ssr": {
      "src": "../../../../../../node_modules/@angular/ssr/fesm2022/ssr.mjs",
      "file": "@angular_ssr.js",
      "fileHash": "21dd2710",
      "needsInterop": false
    },
    "@angular/ssr/node": {
      "src": "../../../../../../node_modules/@angular/ssr/fesm2022/node.mjs",
      "file": "@angular_ssr_node.js",
      "fileHash": "7718f0e3",
      "needsInterop": false
    },
    "express": {
      "src": "../../../../../../node_modules/express/index.js",
      "file": "express.js",
      "fileHash": "322dcec0",
      "needsInterop": true
    },
    "gsap": {
      "src": "../../../../../../node_modules/gsap/index.js",
      "file": "gsap.js",
      "fileHash": "3f877352",
      "needsInterop": false
    },
    "rxjs": {
      "src": "../../../../../../node_modules/rxjs/dist/cjs/index.js",
      "file": "rxjs.js",
      "fileHash": "7e18a8d1",
      "needsInterop": true
    },
    "rxjs/operators": {
      "src": "../../../../../../node_modules/rxjs/dist/cjs/operators/index.js",
      "file": "rxjs_operators.js",
      "fileHash": "cdc02a28",
      "needsInterop": true
    },
    "three": {
      "src": "../../../../../../node_modules/three/build/three.module.js",
      "file": "three.js",
      "fileHash": "e4c119d7",
      "needsInterop": false
    },
    "three/addons/loaders/GLTFLoader.js": {
      "src": "../../../../../../node_modules/three/examples/jsm/loaders/GLTFLoader.js",
      "file": "three_addons_loaders_GLTFLoader__js.js",
      "fileHash": "c93ec5c5",
      "needsInterop": false
    }
  },
  "chunks": {
    "chunk-FP2BYEG5": {
      "file": "chunk-FP2BYEG5.js"
    },
    "xhr2-TXIMV6CV": {
      "file": "xhr2-TXIMV6CV.js"
    },
    "chunk-MWRHZSUE": {
      "file": "chunk-MWRHZSUE.js"
    },
    "chunk-3VLAQ7A4": {
      "file": "chunk-3VLAQ7A4.js"
    },
    "chunk-6HO6G2ZX": {
      "file": "chunk-6HO6G2ZX.js"
    },
    "chunk-67H26ROL": {
      "file": "chunk-67H26ROL.js"
    },
    "chunk-BHSCGJ7H": {
      "file": "chunk-BHSCGJ7H.js"
    },
    "chunk-HUOINUL5": {
      "file": "chunk-HUOINUL5.js"
    },
    "chunk-UOWR5NFH": {
      "file": "chunk-UOWR5NFH.js"
    },
    "chunk-D3EPP4NF": {
      "file": "chunk-D3EPP4NF.js"
    },
    "chunk-ZUJ64LXG": {
      "file": "chunk-ZUJ64LXG.js"
    },
    "chunk-XCIYP5SE": {
      "file": "chunk-XCIYP5SE.js"
    },
    "chunk-OYTRG5F6": {
      "file": "chunk-OYTRG5F6.js"
    },
    "chunk-YHCV7DAQ": {
      "file": "chunk-YHCV7DAQ.js"
    }
  }
}