{
  "hash": "16ca8838",
  "configHash": "e38a44e5",
  "lockfileHash": "6366a44b",
  "browserHash": "876293f9",
  "optimized": {
    "@angular/common": {
      "src": "../../../../../../node_modules/@angular/common/fesm2022/common.mjs",
      "file": "@angular_common.js",
      "fileHash": "420c39ca",
      "needsInterop": false
    },
    "@angular/common/http": {
      "src": "../../../../../../node_modules/@angular/common/fesm2022/http.mjs",
      "file": "@angular_common_http.js",
      "fileHash": "5b1059b3",
      "needsInterop": false
    },
    "@angular/core": {
      "src": "../../../../../../node_modules/@angular/core/fesm2022/core.mjs",
      "file": "@angular_core.js",
      "fileHash": "7cd88557",
      "needsInterop": false
    },
    "@angular/forms": {
      "src": "../../../../../../node_modules/@angular/forms/fesm2022/forms.mjs",
      "file": "@angular_forms.js",
      "fileHash": "e6ce5111",
      "needsInterop": false
    },
    "@angular/platform-browser": {
      "src": "../../../../../../node_modules/@angular/platform-browser/fesm2022/platform-browser.mjs",
      "file": "@angular_platform-browser.js",
      "fileHash": "ac00736f",
      "needsInterop": false
    },
    "@angular/router": {
      "src": "../../../../../../node_modules/@angular/router/fesm2022/router.mjs",
      "file": "@angular_router.js",
      "fileHash": "9014a1fd",
      "needsInterop": false
    },
    "gsap": {
      "src": "../../../../../../node_modules/gsap/index.js",
      "file": "gsap.js",
      "fileHash": "2339e978",
      "needsInterop": false
    },
    "rxjs": {
      "src": "../../../../../../node_modules/rxjs/dist/esm5/index.js",
      "file": "rxjs.js",
      "fileHash": "e5b249c4",
      "needsInterop": false
    },
    "rxjs/operators": {
      "src": "../../../../../../node_modules/rxjs/dist/esm5/operators/index.js",
      "file": "rxjs_operators.js",
      "fileHash": "1b0798cf",
      "needsInterop": false
    },
    "three": {
      "src": "../../../../../../node_modules/three/build/three.module.js",
      "file": "three.js",
      "fileHash": "44349034",
      "needsInterop": false
    },
    "three/addons/loaders/GLTFLoader.js": {
      "src": "../../../../../../node_modules/three/examples/jsm/loaders/GLTFLoader.js",
      "file": "three_addons_loaders_GLTFLoader__js.js",
      "fileHash": "339a9162",
      "needsInterop": false
    }
  },
  "chunks": {
    "chunk-F2XHZSYB": {
      "file": "chunk-F2XHZSYB.js"
    },
    "chunk-VHE76BUB": {
      "file": "chunk-VHE76BUB.js"
    },
    "chunk-QRD6EX2A": {
      "file": "chunk-QRD6EX2A.js"
    },
    "chunk-UYUDYMVY": {
      "file": "chunk-UYUDYMVY.js"
    },
    "chunk-EOS55Q6Z": {
      "file": "chunk-EOS55Q6Z.js"
    },
    "chunk-WPM5VTLQ": {
      "file": "chunk-WPM5VTLQ.js"
    },
    "chunk-PEBH6BBU": {
      "file": "chunk-PEBH6BBU.js"
    },
    "chunk-4S3KYZTJ": {
      "file": "chunk-4S3KYZTJ.js"
    },
    "chunk-DT3RHUTD": {
      "file": "chunk-DT3RHUTD.js"
    },
    "chunk-WDMUDEB6": {
      "file": "chunk-WDMUDEB6.js"
    }
  }
}